"id","surname","name","last_name","phone","email","login","password_hash","role"
1,Иванов,Иван,Иванович,"89001234567",ivanov@example.com,ivanov,$2y$10$7QJk1Vh8XK0Vh1YzF6QpUe4Wq3Xz5Yb7Vn9Zk8Wq2Xz4Yb6Vn0ZpG,user
2,Петрова,Мария,Александровна,"89007654321",petrova@example.com,petrova,$2y$10$E9Qk1Vh8XK0Vh1YzF6QpUe4Wq3Xz5Yb7Vn9Zk8Wq2Xz4Yb6Vn0ZpH,user
3,Сидоров,Алексей,Владимирович,"89005551234",sidorov@example.com,sidorov,$2y$10$L0Qk1Vh8XK0Vh1YzF6QpUe4Wq3Xz5Yb7Vn9Zk8Wq2Xz4Yb6Vn0ZpI,user
4,Кузнецова,Елена,Павловна,"89009998877",kuznetsova@example.com,kuznetsova,$2y$10$M1Qk1Vh8XK0Vh1YzF6QpUe4Wq3Xz5Yb7Vn9Zk8Wq2Xz4Yb6Vn0ZpJ,user
6,иванов,иван,жопа,+79646110069,egorova106@yandex.ru,hekkeww,$2y$12$Vl8o.AkMuaXFVdZx2CR14.kghp1XVfmzY4yv/dMYr4FICRKhdsSqq,admin
7,выапр,вапр,выап,"345678",weret@dsfg,kzkzkz,$2y$12$l8cZW46jYWc51fJn0BaDXOG1jhvpnoZOvdu2KujSYqLJSuEANqVEG,user
